{"cameraMode":{"drawMode":0,"name":"Shaded","section":"Shading Mode"},"sceneLighting":true,"audioPlay":false,"sceneViewState":{"showFog":true,"showMaterialUpdate":true,"showSkybox":true,"showFlares":true,"showImageEffects":true,"showParticleSystems":true},"in2DMode":false,"pivot":{"x":0.7952001094818115,"y":1.195199966430664,"z":0.22600007057189942},"rotation":{"x":-0.0018222759244963527,"y":-0.9946129322052002,"z":0.016712544485926629,"w":-0.10270257294178009},"size":42.49451446533203,"orthographic":false}