{"cameraMode":{"drawMode":0,"name":"Shaded","section":"Shading Mode"},"sceneLighting":false,"audioPlay":false,"sceneViewState":{"showFog":true,"showMaterialUpdate":false,"showSkybox":true,"showFlares":true,"showImageEffects":true,"showParticleSystems":true},"in2DMode":false,"pivot":{"x":0.4766714572906494,"y":1.2734904289245606,"z":-4.355917453765869},"rotation":{"x":-0.08952701836824417,"y":-0.8183601498603821,"z":0.13275280594825746,"w":-0.5519719123840332},"size":3.427825927734375,"orthographic":false}